Title,Year,IMDB,Dynamic IMDB,IMDB Difference,Metacritic,Dynamic Metacritic,Metacritic Difference,Original Rating,Dynamic Rating,Rating Difference
The Godfather,1972,92,93.57,1.57,100,98.12,-1.88,96.0,95.84,-0.16
The Shawshank Redemption,1994,93,100.0,7.0,80,71.03,-8.97,86.5,85.52,-0.98
Schindler's List,1993,89,78.35,-10.65,94,90.14,-3.86,91.5,84.25,-7.25
Pulp Fiction,1994,89,78.54,-10.46,94,89.87,-4.13,91.5,84.21,-7.29
The Godfather: Part II,1974,90,83.2,-6.8,90,85.14,-4.86,90.0,84.17,-5.83
The Lord of the Rings: The Return of the King,2003,89,79.13,-9.87,94,87.46,-6.54,91.5,83.29,-8.21
12 Angry Men,1957,90,79.22,-10.78,96,83.13,-12.87,93.0,81.17,-11.83
The Lord of the Rings: The Fellowship of the Ring,2001,88,73.98,-14.02,92,85.25,-6.75,90.0,79.62,-10.38
The Dark Knight,2008,90,83.65,-6.35,84,72.96,-11.04,87.0,78.31,-8.69
"Il buono, il brutto, il cattivo",1966,88,72.32,-15.68,90,83.33,-6.67,89.0,77.82,-11.18
Sen to Chihiro no kamikakushi,2001,86,63.3,-22.7,96,90.5,-5.5,91.0,76.9,-14.1
Goodfellas,1990,87,68.15,-18.85,90,85.56,-4.44,88.5,76.86,-11.64
Gisaengchung,2019,86,61.82,-24.18,96,88.25,-7.75,91.0,75.03,-15.97
Star Wars,1977,86,62.67,-23.33,90,86.04,-3.96,88.0,74.36,-13.64
Hotaru no haka,1988,85,57.55,-27.45,94,90.98,-3.02,89.5,74.27,-15.23
Saving Private Ryan,1998,86,63.13,-22.87,91,84.83,-6.17,88.5,73.98,-14.52
The Lord of the Rings: The Two Towers,2002,87,68.43,-18.57,87,78.46,-8.54,87.0,73.44,-13.56
Forrest Gump,1994,88,73.04,-14.96,82,73.67,-8.33,85.0,73.36,-11.64
Psycho,1960,85,55.83,-29.17,97,89.31,-7.69,91.0,72.57,-18.43
One Flew Over the Cuckoo's Nest,1975,87,67.74,-19.26,83,76.07,-6.93,85.0,71.91,-13.09
Dr. Strangelove or: How I Learned to Stop Worrying and Love the Bomb,1964,84,51.39,-32.61,97,92.33,-4.67,90.5,71.86,-18.64
Apocalypse Now,1979,84,52.13,-31.87,94,91.6,-2.4,89.0,71.86,-17.14
Star Wars: Episode V - The Empire Strikes Back,1980,87,67.8,-19.2,82,75.31,-6.69,84.5,71.56,-12.94
Hamilton,2020,86,61.82,-24.18,90,80.37,-9.63,88.0,71.09,-16.91
The Silence of the Lambs,1991,86,62.64,-23.36,85,78.46,-6.54,85.5,70.55,-14.95
Shichinin no samurai,1954,86,58.19,-27.81,98,82.57,-15.43,92.0,70.38,-21.62
Lawrence of Arabia,1962,83,45.41,-37.59,100,94.32,-5.68,91.5,69.86,-21.64
Back to the Future,1985,85,57.68,-27.32,87,81.88,-5.12,86.0,69.78,-16.22
WALL·E,2008,84,51.97,-32.03,95,87.42,-7.58,89.5,69.69,-19.81
The Lion King,1994,85,57.5,-27.5,88,81.82,-6.18,86.5,69.66,-16.84
Toy Story,1995,83,47.27,-35.73,95,91.15,-3.85,89.0,69.21,-19.79
Taxi Driver,1976,83,46.78,-36.22,94,91.23,-2.77,88.5,69.0,-19.5
Alien,1979,84,52.01,-31.99,89,84.7,-4.3,86.5,68.36,-18.14
Fanny och Alexander,1982,81,36.42,-44.58,100,100.0,0.0,90.5,68.21,-22.29
Seppuku,1962,86,61.47,-24.53,85,74.9,-10.1,85.5,68.19,-17.31
Ran,1985,82,41.9,-40.1,96,94.31,-1.69,89.0,68.11,-20.89
Vertigo,1958,83,44.37,-38.63,100,90.54,-9.46,91.5,67.45,-24.05
Trois couleurs: Rouge,1994,81,36.55,-44.45,100,98.18,-1.82,90.5,67.37,-23.13
Whiplash,2014,85,56.8,-28.2,88,77.63,-10.37,86.5,67.22,-19.28
North by Northwest,1959,83,44.79,-38.21,98,89.03,-8.97,90.5,66.91,-23.59
The Pianist,2002,85,57.89,-27.11,85,75.84,-9.16,85.0,66.87,-18.13
Jodaeiye Nader az Simin,2011,83,46.44,-36.56,95,86.94,-8.06,89.0,66.69,-22.31
Pan's Labyrinth,2006,82,41.54,-40.46,98,91.66,-6.34,90.0,66.6,-23.4
Inception,2010,88,72.96,-15.04,74,59.56,-14.44,81.0,66.26,-14.74
Rear Window,1954,84,47.47,-36.53,100,84.58,-15.42,92.0,66.03,-25.97
The Departed,2006,85,57.44,-27.56,85,74.61,-10.39,85.0,66.03,-18.97
The Lives of Others,2006,84,52.14,-31.86,89,79.82,-9.18,86.5,65.98,-20.52
The Apartment,1960,83,45.61,-37.39,94,85.9,-8.1,88.5,65.75,-22.75
Raiders of the Lost Ark,1981,84,52.2,-31.8,85,79.23,-5.77,84.5,65.72,-18.78
Cidade de Deus,2002,86,63.18,-22.82,79,67.87,-11.13,82.5,65.53,-16.97
Amadeus,1984,83,47.1,-35.9,88,82.96,-5.04,85.5,65.03,-20.47
Some Like It Hot,1959,82,39.81,-42.19,98,89.72,-8.28,90.0,64.77,-25.23
Nuovo Cinema Paradiso,1988,85,57.64,-27.36,80,71.89,-8.11,82.5,64.77,-17.73
The Matrix,1999,87,68.62,-18.38,73,60.55,-12.45,80.0,64.59,-15.41
Eternal Sunshine of the Spotless Mind,2004,83,47.35,-35.65,89,80.79,-8.21,86.0,64.07,-21.93
Il conformista,1970,80,30.46,-49.54,100,97.65,-2.35,90.0,64.06,-25.94
Monty Python and the Holy Grail,1975,82,41.19,-40.81,91,86.88,-4.12,86.5,64.03,-22.47
Spider-Man: Into the Spider-Verse,2018,84,51.16,-32.84,87,76.47,-10.53,85.5,63.81,-21.69
Das Boot,1981,83,46.97,-36.03,86,80.62,-5.38,84.5,63.8,-20.7
Once Upon a Time in the West,1968,85,56.86,-28.14,80,70.44,-9.56,82.5,63.65,-18.85
La battaglia di Algeri,1966,81,35.69,-45.31,96,91.54,-4.46,88.5,63.62,-24.88
There Will Be Blood,2007,82,41.42,-40.58,93,85.23,-7.77,87.5,63.33,-24.17
L.A. Confidential,1997,82,41.93,-40.07,90,84.2,-5.8,86.0,63.06,-22.94
Raging Bull,1980,82,41.25,-40.75,89,84.84,-4.16,85.5,63.05,-22.45
Fight Club,1999,88,73.85,-14.15,66,51.38,-14.62,77.0,62.61,-14.39
Platoon,1986,81,36.43,-44.57,92,88.57,-3.43,86.5,62.5,-24.0
Paths of Glory,1957,84,48.8,-35.2,90,76.18,-13.82,87.0,62.49,-24.51
Aliens,1986,83,47.12,-35.88,84,77.78,-6.22,83.5,62.45,-21.05
The Usual Suspects,1995,85,57.79,-27.21,77,66.81,-10.19,81.0,62.3,-18.7
Toy Story 3,2010,82,41.19,-40.81,92,83.04,-8.96,87.0,62.12,-24.88
12 Years a Slave,2013,81,35.83,-45.17,96,88.11,-7.89,88.5,61.97,-26.53
Singin' in the Rain,1952,83,41.44,-41.56,99,81.88,-17.12,91.0,61.66,-29.34
Chinatown,1974,81,35.57,-45.43,92,87.66,-4.34,86.5,61.61,-24.89
Beauty and the Beast,1991,80,30.96,-49.04,95,92.13,-2.87,87.5,61.55,-25.95
American Beauty,1999,83,47.31,-35.69,84,75.5,-8.5,83.5,61.41,-22.09
Rosemary's Baby,1968,80,30.65,-49.35,96,92.03,-3.97,88.0,61.34,-26.66
Memento,2000,84,52.78,-31.22,80,69.82,-10.18,82.0,61.3,-20.7
Cool Hand Luke,1967,81,35.81,-45.19,92,86.57,-5.43,86.5,61.19,-25.31
Portrait de la jeune fille en feu,2019,81,35.42,-45.58,95,86.91,-8.09,88.0,61.16,-26.84
The Man Who Shot Liberty Valance,1962,81,35.35,-45.65,94,86.85,-7.15,87.5,61.1,-26.4
Terminator 2: Judgment Day,1991,85,57.24,-27.76,75,64.85,-10.15,80.0,61.05,-18.95
Tonari no Totoro,1988,82,41.8,-40.2,86,80.01,-5.99,84.0,60.91,-23.09
2001: A Space Odyssey,1968,83,46.14,-36.86,84,75.64,-8.36,83.5,60.89,-22.61
Casablanca,1942,85,48.17,-36.83,100,73.43,-26.57,92.5,60.8,-31.7
The Sting,1973,83,46.11,-36.89,83,75.43,-7.57,83.0,60.77,-22.23
Interstellar,2014,86,62.1,-23.9,74,59.38,-14.62,80.0,60.74,-19.26
Inside Out,2015,81,35.59,-45.41,94,85.48,-8.52,87.5,60.54,-26.96
My Left Foot: The Story of Christy Brown,1989,79,25.89,-53.11,97,95.03,-1.97,88.0,60.46,-27.54
Do the Right Thing,1989,80,31.18,-48.82,93,89.54,-3.46,86.5,60.36,-26.14
Django Unchained,2012,84,51.68,-32.32,81,68.6,-12.4,82.5,60.14,-22.36
The Truman Show,1998,81,36.68,-44.32,90,83.51,-6.49,85.5,60.09,-25.41
Gangs of Wasseypur,2012,82,41.1,-40.9,89,79.04,-9.96,85.5,60.07,-25.43
To Kill a Mockingbird,1962,82,40.71,-41.29,88,79.4,-8.6,85.0,60.06,-24.94
Ratatouille,2007,80,30.87,-49.13,96,89.14,-6.86,88.0,60.01,-27.99
Coco,2017,84,51.32,-32.68,81,68.64,-12.36,82.5,59.98,-22.52
Solaris,1972,81,35.34,-45.66,90,84.46,-5.54,85.5,59.9,-25.6
Spotlight,2015,81,35.54,-45.46,93,84.24,-8.76,87.0,59.89,-27.11
Barry Lyndon,1975,81,35.87,-45.13,89,83.81,-5.19,85.0,59.84,-25.16
Du rififi chez les hommes,1955,82,37.81,-44.19,97,81.85,-15.15,89.5,59.83,-29.67
Unforgiven,1992,82,41.36,-40.64,85,78.27,-6.73,83.5,59.81,-23.69
Annie Hall,1977,80,30.95,-49.05,92,88.55,-3.45,86.0,59.75,-26.25
Up,2009,82,41.28,-40.72,88,78.1,-9.9,85.0,59.69,-25.31
Finding Nemo,2003,81,36.72,-44.28,90,82.42,-7.58,85.5,59.57,-25.93
It's a Wonderful Life,1946,86,54.82,-31.18,89,64.24,-24.76,87.5,59.53,-27.97
Before Sunset,2004,81,36.76,-44.24,90,82.21,-7.79,85.5,59.48,-26.02
No Country for Old Men,2007,81,36.16,-44.84,91,82.46,-8.54,86.0,59.31,-26.69
The Wild Bunch,1969,79,25.18,-53.82,97,93.38,-3.62,88.0,59.28,-28.72
The Last Picture Show,1971,80,30.21,-49.79,93,88.28,-4.72,86.5,59.25,-27.25
Boyhood,2014,79,25.12,-53.88,100,93.34,-6.66,89.5,59.23,-30.27
"Three Billboards Outside Ebbing, Missouri",2017,82,40.61,-41.39,88,77.81,-10.19,85.0,59.21,-25.79
The Great Escape,1963,82,40.84,-41.16,86,77.27,-8.73,84.0,59.05,-24.95
Mononoke-hime,1997,84,52.62,-31.38,76,65.18,-10.82,80.0,58.9,-21.1
Oldeuboi,2003,84,52.57,-31.43,77,65.03,-11.97,80.5,58.8,-21.7
Sweet Smell of Success,1957,80,28.3,-51.7,100,89.28,-10.72,90.0,58.79,-31.21
Touch of Evil,1958,80,28.51,-51.49,99,88.82,-10.18,89.5,58.66,-30.84
Kimi no na wa.,2016,84,51.34,-32.66,79,65.94,-13.06,81.5,58.64,-22.86
Secrets & Lies,1996,80,31.39,-48.61,91,85.69,-5.31,85.5,58.54,-26.96
Reservoir Dogs,1992,83,46.66,-36.34,79,70.26,-8.74,81.0,58.46,-22.54
The Deer Hunter,1978,81,36.16,-44.84,86,80.63,-5.37,83.5,58.39,-25.11
Kaze no tani no Naushika,1984,81,36.47,-44.53,86,80.27,-5.73,83.5,58.37,-25.13
The Dark Knight Rises,2012,84,51.69,-32.31,78,64.66,-13.34,81.0,58.17,-22.83
"4 luni, 3 saptamâni si 2 zile",2007,79,25.68,-53.32,97,90.31,-6.69,88.0,58.0,-30.0
Avengers: Endgame,2019,84,51.22,-32.78,78,64.71,-13.29,81.0,57.96,-23.04
Mad Max: Fury Road,2015,81,35.58,-45.42,90,80.27,-9.73,85.5,57.92,-27.58
La La Land,2016,80,30.22,-49.78,94,85.56,-8.44,87.0,57.89,-29.11
La dolce vita,1960,80,29.53,-50.47,95,86.16,-8.84,87.5,57.84,-29.66
Le scaphandre et le papillon,2007,80,30.86,-49.14,92,83.74,-8.26,86.0,57.3,-28.7
Rashômon,1950,82,35.94,-46.06,98,78.54,-19.46,90.0,57.24,-32.76
This Is Spinal Tap,1984,79,25.93,-53.07,92,88.55,-3.45,85.5,57.24,-28.26
Au revoir les enfants,1987,80,31.22,-48.78,88,83.16,-4.84,84.0,57.19,-26.81
Fargo,1996,81,36.71,-44.29,85,77.67,-7.33,83.0,57.19,-25.81
Blade Runner,1982,81,36.41,-44.59,84,77.9,-6.1,82.5,57.16,-25.34
Persona,1966,81,35.77,-45.23,86,78.33,-7.67,83.5,57.05,-26.45
Bacheha-Ye aseman,1997,83,47.23,-35.77,77,66.74,-10.26,80.0,56.98,-23.02
Incendies,2010,83,46.45,-36.55,80,67.41,-12.59,81.5,56.93,-24.57
8½,1963,80,30.36,-49.64,91,83.49,-7.51,85.5,56.92,-28.58
Full Metal Jacket,1987,83,47.08,-35.92,76,66.68,-9.32,79.5,56.88,-22.62
Se7en,1995,86,63.09,-22.91,65,50.63,-14.37,75.5,56.86,-18.64
Der Untergang,2004,82,42.03,-39.97,82,71.49,-10.51,82.0,56.76,-25.24
All About Eve,1950,82,35.61,-46.39,98,77.87,-20.13,90.0,56.74,-33.26
Million Dollar Baby,2004,81,36.73,-44.27,86,76.69,-9.31,83.5,56.71,-26.79
Anatomy of a Murder,1959,80,28.81,-51.19,95,84.59,-10.41,87.5,56.7,-30.8
Fa yeung nin wah,2000,81,36.79,-44.21,85,76.6,-8.4,83.0,56.69,-26.31
Kis Uykusu,2014,81,35.68,-45.32,88,77.62,-10.38,84.5,56.65,-27.85
The Grand Budapest Hotel,2014,81,35.66,-45.34,88,77.62,-10.38,84.5,56.64,-27.86
Le charme discret de la bourgeoisie,1972,79,24.78,-54.22,93,88.36,-4.64,86.0,56.57,-29.43
The Incredibles,2004,80,31.31,-48.69,90,81.7,-8.3,85.0,56.51,-28.49
A Clockwork Orange,1971,83,46.23,-36.77,77,66.68,-10.32,80.0,56.45,-23.55
Ben-Hur,1959,81,34.13,-46.87,90,78.49,-11.51,85.5,56.31,-29.19
In the Name of the Father,1993,81,35.99,-45.01,84,76.62,-7.38,82.5,56.31,-26.19
Smultronstället,1957,82,38.63,-43.37,88,73.9,-14.1,85.0,56.27,-28.73
The Night of the Hunter,1955,80,27.12,-52.88,99,85.24,-13.76,89.5,56.18,-33.32
Network,1976,81,36.08,-44.92,83,76.21,-6.79,82.0,56.14,-25.86
Rio Bravo,1959,80,29.21,-50.79,93,82.96,-10.04,86.5,56.08,-30.42
Persepolis,2007,80,30.87,-49.13,90,81.21,-8.79,85.0,56.04,-28.96
The Manchurian Candidate,1962,79,24.86,-54.14,94,87.11,-6.89,86.5,55.98,-30.52
Capharnaüm,2018,84,51.21,-32.79,75,60.75,-14.25,79.5,55.98,-23.52
Jaws,1975,80,30.65,-49.35,87,81.25,-5.75,83.5,55.95,-27.55
Donnie Darko,2001,80,31.59,-48.41,88,80.03,-7.97,84.0,55.81,-28.19
Hannah and Her Sisters,1986,79,25.84,-53.16,90,85.76,-4.24,84.5,55.8,-28.7
The Treasure of the Sierra Madre,1948,82,35.06,-46.94,98,76.52,-21.48,90.0,55.79,-34.21
Det sjunde inseglet,1957,82,38.07,-43.93,88,73.46,-14.54,85.0,55.77,-29.23
Trainspotting,1996,81,36.63,-44.37,83,74.87,-8.13,82.0,55.75,-26.25
Lagaan: Once Upon a Time in India,2001,81,36.77,-44.23,84,74.47,-9.53,82.5,55.62,-26.88
Hauru no ugoku shiro,2004,82,42.04,-39.96,80,68.85,-11.15,81.0,55.44,-25.56
Her,2013,80,30.51,-49.49,90,80.35,-9.65,85.0,55.43,-29.57
Amores perros,2000,81,36.85,-44.15,83,73.98,-9.02,82.0,55.42,-26.58
Amour,2012,79,25.23,-53.77,94,85.54,-8.46,86.5,55.39,-31.11
Aladdin,1992,80,30.93,-49.07,86,79.78,-6.22,83.0,55.36,-27.64
Before Midnight,2013,79,25.24,-53.76,94,85.48,-8.52,86.5,55.36,-31.14
Days of Heaven,1978,78,20.46,-57.54,93,90.19,-2.81,85.5,55.33,-30.17
Room,2015,81,35.56,-45.44,86,75.07,-10.93,83.5,55.31,-28.19
1917,2019,83,45.91,-37.09,78,64.71,-13.29,80.5,55.31,-25.19
Gladiator,2000,85,58.03,-26.97,67,52.49,-14.51,76.0,55.26,-20.74
Patton,1970,79,25.07,-53.93,91,85.44,-5.56,85.0,55.25,-29.75
Dog Day Afternoon,1975,80,30.63,-49.37,86,79.82,-6.18,83.0,55.22,-27.78
Marriage Story,2019,79,24.87,-54.13,94,85.56,-8.44,86.5,55.22,-31.28
The Irishman,2019,79,24.84,-54.16,94,85.59,-8.41,86.5,55.22,-31.28
The Hustler,1961,80,29.8,-50.2,90,80.53,-9.47,85.0,55.16,-29.84
My Fair Lady,1964,78,19.7,-58.3,95,90.22,-4.78,86.5,54.96,-31.54
Jagten,2012,83,46.42,-36.58,77,63.38,-13.62,80.0,54.9,-25.1
Harry Potter and the Deathly Hallows: Part 2,2011,81,35.84,-45.16,85,73.84,-11.16,83.0,54.84,-28.16
Almost Famous,2000,79,26.28,-52.72,90,83.37,-6.63,84.5,54.83,-29.67
Kaguyahime no monogatari,2013,80,30.51,-49.49,89,79.06,-9.94,84.5,54.79,-29.71
The Straight Story,1999,80,31.6,-48.4,86,77.91,-8.09,83.0,54.75,-28.25
Song of the Sea,2014,81,35.67,-45.33,85,73.71,-11.29,83.0,54.69,-28.31
Wo hu cang long,2000,78,21.01,-56.99,94,88.26,-5.74,86.0,54.64,-31.36
Call Me by Your Name,2017,79,24.88,-54.12,93,84.3,-8.7,86.0,54.59,-31.41
El secreto de sus ojos,2009,82,41.4,-40.6,80,67.74,-12.26,81.0,54.57,-26.43
Jules et Jim,1962,78,19.07,-58.93,97,90.05,-6.95,87.5,54.56,-32.94
Manbiki kazoku,2018,79,24.78,-54.22,93,84.25,-8.75,86.0,54.52,-31.48
Double Indemnity,1944,83,39.02,-43.98,95,69.86,-25.14,89.0,54.44,-34.56
Badlands,1973,78,19.95,-58.05,93,88.87,-4.13,85.5,54.41,-31.09
The Terminator,1984,80,31.22,-48.78,84,77.57,-6.43,82.0,54.39,-27.61
Kagemusha,1980,80,30.7,-49.3,84,77.88,-6.12,82.0,54.29,-27.71
Citizen Kane,1941,83,36.98,-46.02,100,71.53,-28.47,91.5,54.25,-37.25
The King's Speech,2010,80,30.61,-49.39,88,77.75,-10.25,84.0,54.18,-29.82
Salinui chueok,2003,81,36.7,-44.3,82,71.58,-10.42,81.5,54.14,-27.36
E.T. the Extra-Terrestrial,1982,78,20.55,-57.45,91,87.55,-3.45,84.5,54.05,-30.45
The Iron Giant,1999,80,31.47,-48.53,85,76.61,-8.39,82.5,54.04,-28.46
Per qualche dollaro in più,1965,83,46.04,-36.96,74,61.97,-12.03,78.5,54.0,-24.5
Ah-ga-ssi,2016,81,35.5,-45.5,84,72.48,-11.52,82.5,53.99,-28.51
Manchester by the Sea,2016,78,19.65,-58.35,96,88.19,-7.81,87.0,53.92,-33.08
The Green Mile,1999,86,63.27,-22.73,61,44.48,-16.52,73.5,53.88,-19.62
Darbareye Elly,2009,80,30.82,-49.18,87,76.89,-10.11,83.5,53.86,-29.64
Being There,1979,80,31.06,-48.94,83,76.63,-6.37,81.5,53.84,-27.66
The Right Stuff,1983,78,20.62,-57.38,91,86.97,-4.03,84.5,53.8,-30.7
Night of the Living Dead,1968,79,25.12,-53.88,89,82.44,-6.56,84.0,53.78,-30.22
Sling Blade,1996,80,31.32,-48.68,84,76.2,-7.8,82.0,53.76,-28.24
Heat,1995,82,41.83,-40.17,76,65.54,-10.46,79.0,53.69,-25.31
The Man Who Would Be King,1975,78,20.31,-57.69,91,87.04,-3.96,84.5,53.68,-30.82
Bom Yeoareum Gaeul Gyeoul Geurigo Bom,2003,80,31.4,-48.6,85,75.8,-9.2,82.5,53.6,-28.9
The Prestige,2006,85,57.48,-27.52,66,49.57,-16.43,75.5,53.52,-21.98
Toy Story 2,1999,79,26.28,-52.72,88,80.65,-7.35,83.5,53.47,-30.03
Dead Poets Society,1989,81,36.48,-44.52,79,70.42,-8.58,80.0,53.45,-26.55
The Bridge on the River Kwai,1957,81,33.61,-47.39,87,73.25,-13.75,84.0,53.43,-30.57
Soul,2020,81,35.42,-45.58,83,71.24,-11.76,82.0,53.33,-28.67
Léon,1994,85,57.26,-27.74,64,49.33,-14.67,74.5,53.3,-21.2
The Third Man,1949,81,30.18,-50.82,97,76.05,-20.95,89.0,53.11,-35.89
Un prophète,2009,79,25.4,-53.6,90,80.7,-9.3,84.5,53.05,-31.45
The Elephant Man,1980,81,36.21,-44.79,78,69.72,-8.28,79.5,52.97,-26.53
"Paris, Texas",1984,81,36.51,-44.49,78,69.38,-8.62,79.5,52.94,-26.56
La vita è bella,1997,86,63.18,-22.82,59,42.38,-16.62,72.5,52.78,-19.72
Letters from Iwo Jima,2006,79,25.68,-53.32,89,79.85,-9.15,84.0,52.77,-31.23
The Bourne Ultimatum,2007,80,30.85,-49.15,85,74.67,-10.33,82.5,52.76,-29.74
The Shining,1980,84,52.15,-31.85,66,53.26,-12.74,75.0,52.7,-22.3
Dunkirk,2017,78,19.62,-58.38,94,85.65,-8.35,86.0,52.64,-33.36
On the Waterfront,1954,81,31.58,-49.42,91,73.28,-17.72,86.0,52.43,-33.57
The Graduate,1967,80,30.43,-49.57,83,74.35,-8.65,81.5,52.39,-29.11
The Nightmare Before Christmas,1993,80,30.79,-49.21,82,73.98,-8.02,81.0,52.39,-28.61
Life of Brian,1979,81,36.26,-44.74,77,68.41,-8.59,79.0,52.33,-26.67
"Monsters, Inc.",2001,81,36.79,-44.21,79,67.83,-11.17,80.0,52.31,-27.69
Good Will Hunting,1997,83,47.18,-35.82,70,57.22,-12.78,76.5,52.2,-24.3
Les triplettes de Belleville,2003,78,20.79,-57.21,91,83.54,-7.46,84.5,52.17,-32.33
Kill Bill: Vol. 2,2004,80,31.47,-48.53,83,72.84,-10.16,81.5,52.16,-29.34
The Artist,2011,79,25.19,-53.81,89,79.12,-9.88,84.0,52.16,-31.84
Festen,1998,80,31.42,-48.58,82,72.86,-9.14,81.0,52.14,-28.86
Hotel Rwanda,2004,81,36.76,-44.24,79,67.53,-11.47,80.0,52.14,-27.86
American History X,1998,85,57.93,-27.07,62,46.17,-15.83,73.5,52.05,-21.45
Ford v Ferrari,2019,81,35.37,-45.63,81,68.63,-12.37,81.0,52.0,-29.0
The French Connection,1971,77,14.42,-62.58,94,89.45,-4.55,85.5,51.94,-33.56
Slumdog Millionaire,2008,80,30.75,-49.25,84,73.1,-10.9,82.0,51.92,-30.08
A Streetcar Named Desire,1951,80,25.8,-54.2,97,78.01,-18.99,88.5,51.91,-36.59
Brazil,1985,79,26.0,-53.0,84,77.82,-6.18,81.5,51.91,-29.59
Before Sunrise,1995,81,36.54,-44.46,77,67.12,-9.88,79.0,51.83,-27.17
Boogie Nights,1997,79,26.07,-52.93,85,77.55,-7.45,82.0,51.81,-30.19
Casino,1995,82,41.93,-40.07,73,61.65,-11.35,77.5,51.79,-25.71
Trois couleurs: Bleu,1993,79,25.44,-53.56,85,77.87,-7.13,82.0,51.66,-30.34
Hable con ella,2002,79,26.12,-52.88,86,77.2,-8.8,82.5,51.66,-30.84
All the President's Men,1976,79,25.57,-53.43,84,77.58,-6.42,81.5,51.58,-29.92
Vozvrashchenie,2003,80,31.44,-48.56,82,71.57,-10.43,81.0,51.5,-29.5
The Killing,1956,80,26.72,-53.28,91,76.24,-14.76,85.5,51.48,-34.02
Chung Hing sam lam,1994,81,36.0,-45.0,77,66.97,-10.03,79.0,51.48,-27.52
The Exorcist,1973,80,30.32,-49.68,81,72.62,-8.38,80.5,51.47,-29.03
Paper Moon,1973,81,35.66,-45.34,77,67.27,-9.73,79.0,51.46,-27.54
Avengers: Infinity War,2018,84,51.17,-32.83,68,51.65,-16.35,76.0,51.41,-24.59
Gravity,2013,77,14.65,-62.35,96,88.15,-7.85,86.5,51.4,-35.1
3 Idiots,2009,84,52.0,-32.0,67,50.65,-16.35,75.5,51.33,-24.17
Die Hard,1988,82,41.6,-40.4,72,60.98,-11.02,77.0,51.29,-25.71
Amélie,2001,83,47.57,-35.43,69,54.89,-14.11,76.0,51.23,-24.77
Roma,2018,77,14.19,-62.81,96,88.21,-7.79,86.5,51.2,-35.3
Manhattan,1979,79,25.7,-53.3,83,76.64,-6.36,81.0,51.17,-29.83
Gandhi,1982,80,31.11,-48.89,79,71.2,-7.8,79.5,51.16,-28.34
Der Himmel über Berlin,1987,80,31.23,-48.77,79,70.89,-8.11,79.5,51.06,-28.44
Young Frankenstein,1974,80,30.55,-49.45,80,71.55,-8.45,80.0,51.05,-28.95
Braveheart,1995,83,47.17,-35.83,68,54.91,-13.09,75.5,51.04,-24.46
Mulholland Dr.,2001,79,26.2,-52.8,85,75.82,-9.18,82.0,51.01,-30.99
Ying xiong,2002,79,26.13,-52.87,85,75.86,-9.14,82.0,50.99,-31.01
Stand by Me,1986,81,36.47,-44.53,75,65.38,-9.62,78.0,50.92,-27.08
Central do Brasil,1998,80,31.48,-48.52,80,70.35,-9.65,80.0,50.91,-29.09
The Searchers,1956,79,21.53,-57.47,94,80.27,-13.73,86.5,50.9,-35.6
The Wolf of Wall Street,2013,82,41.0,-41.0,75,60.67,-14.33,78.5,50.84,-27.66
The Social Network,2010,77,14.74,-62.26,95,86.92,-8.08,86.0,50.83,-35.17
Gone Girl,2014,81,35.64,-45.36,79,65.91,-13.09,80.0,50.77,-29.23
After Hours,1985,77,15.32,-61.68,90,85.91,-4.09,83.5,50.61,-32.89
Little Women,2019,78,19.59,-58.41,91,81.61,-9.39,84.5,50.6,-33.9
Requiem for a Dream,2000,83,47.49,-35.51,68,53.66,-14.34,75.5,50.58,-24.92
A Beautiful Mind,2001,82,42.23,-39.77,72,58.92,-13.08,77.0,50.58,-26.42
Modern Times,1936,85,45.31,-39.69,96,55.74,-40.26,90.5,50.53,-39.97
Spartacus,1960,79,24.5,-54.5,87,76.57,-10.43,83.0,50.53,-32.47
The Fugitive,1993,78,20.21,-57.79,87,80.73,-6.27,82.5,50.47,-32.03
No Man's Land,2001,79,26.19,-52.81,84,74.51,-9.49,81.5,50.35,-31.15
Tenkû no shiro Rapyuta,1986,80,31.2,-48.8,78,69.47,-8.53,79.0,50.34,-28.66
Mary Poppins,1964,78,19.76,-58.24,88,80.69,-7.31,83.0,50.23,-32.77
Mystic River,2003,79,26.05,-52.95,84,74.32,-9.68,81.5,50.18,-31.32
Short Term 12,2013,80,30.45,-49.55,82,69.85,-12.15,81.0,50.15,-30.85
Todo sobre mi madre,1999,78,20.99,-57.01,87,79.28,-7.72,82.5,50.13,-32.37
Koe no katachi,2016,81,35.5,-45.5,78,64.63,-13.37,79.5,50.06,-29.44
La double vie de Véronique,1991,78,20.27,-57.73,86,79.79,-6.21,82.0,50.03,-31.97
Inglourious Basterds,2009,83,46.69,-36.31,69,53.31,-15.69,76.0,50.0,-26.0
A Hard Day's Night,1964,76,9.23,-66.77,96,90.72,-5.28,86.0,49.98,-36.02
Planet of the Apes,1968,80,30.62,-49.38,79,69.11,-9.89,79.5,49.87,-29.63
Catch Me If You Can,2002,81,36.64,-44.36,75,62.56,-12.44,78.0,49.6,-28.4
Repulsion,1965,77,14.47,-62.53,91,84.72,-6.28,84.0,49.59,-34.41
Mandariinid,2013,82,41.03,-40.97,73,58.1,-14.9,77.5,49.56,-27.94
Being John Malkovich,1999,77,15.53,-61.47,90,83.58,-6.42,83.5,49.55,-33.95
Casino Royale,2006,80,31.06,-48.94,80,68.0,-12.0,80.0,49.53,-30.47
Children of Men,2006,79,25.77,-53.23,84,73.28,-10.72,81.5,49.52,-31.98
Relatos salvajes,2014,81,35.65,-45.35,77,63.27,-13.73,79.0,49.46,-29.54
Love and Death,1975,77,14.78,-62.22,89,84.06,-4.94,83.0,49.42,-33.58
Dirty Harry,1971,77,14.61,-62.39,90,84.22,-5.78,83.5,49.41,-34.09
The Princess Bride,1987,80,31.04,-48.96,77,67.78,-9.22,78.5,49.41,-29.09
Once,2007,78,20.28,-57.72,88,78.55,-9.45,83.0,49.41,-33.59
Logan,2017,81,35.4,-45.6,77,63.41,-13.59,79.0,49.41,-29.59
Blade Runner 2049,2017,80,30.16,-49.84,81,68.61,-12.39,80.5,49.38,-31.12
Scarface,1983,83,46.96,-36.04,65,51.62,-13.38,74.0,49.29,-24.71
Bonnie and Clyde,1967,78,19.99,-58.01,86,78.39,-7.61,82.0,49.19,-32.81
Charade,1963,79,25.1,-53.9,83,73.05,-9.95,81.0,49.08,-31.92
Cat on a Hot Tin Roof,1958,80,28.47,-51.53,84,69.6,-14.4,82.0,49.03,-32.97
The Conversation,1974,78,19.75,-58.25,85,78.27,-6.73,81.5,49.01,-32.49
What Ever Happened to Baby Jane?,1962,81,35.56,-45.44,75,62.29,-12.71,78.0,48.92,-29.08
Dallas Buyers Club,2013,80,30.52,-49.48,80,67.23,-12.77,80.0,48.88,-31.12
"Crna macka, beli macor",1998,81,36.8,-44.2,73,60.94,-12.06,77.0,48.87,-28.13
Magnolia,1999,80,31.53,-48.47,77,66.12,-10.88,78.5,48.83,-29.67
Harry Potter and the Prisoner of Azkaban,2004,79,26.13,-52.87,82,71.5,-10.5,80.5,48.81,-31.69
The Martian,2015,80,30.24,-49.76,80,67.26,-12.74,80.0,48.75,-31.25
The Innocents,1961,78,19.27,-58.73,88,78.11,-9.89,83.0,48.69,-34.31
Paddington 2,2017,78,19.5,-58.5,88,77.77,-10.23,83.0,48.63,-34.37
Fantastic Mr. Fox,2009,79,25.54,-53.46,83,71.68,-11.32,81.0,48.61,-32.39
Halloween,1978,77,15.12,-61.88,87,82.08,-4.92,82.0,48.6,-33.4
The Birds,1963,77,14.5,-62.5,90,82.43,-7.57,83.5,48.47,-35.03
Batman Begins,2005,82,41.83,-40.17,70,55.09,-14.91,76.0,48.46,-27.54
The Remains of the Day,1993,78,20.2,-57.8,84,76.71,-7.29,81.0,48.45,-32.55
Black Swan,2010,80,30.64,-49.36,79,66.24,-12.76,79.5,48.44,-31.06
Kôkaku Kidôtai,1995,80,31.27,-48.73,76,65.54,-10.46,78.0,48.41,-29.59
Le salaire de la peur,1953,81,31.02,-49.98,85,65.74,-19.26,83.0,48.38,-34.62
Naked,1993,78,20.16,-57.84,84,76.61,-7.39,81.0,48.38,-32.62
How to Train Your Dragon,2010,81,35.85,-45.15,75,60.87,-14.13,78.0,48.36,-29.64
Warrior,2011,82,41.11,-40.89,71,55.52,-15.48,76.5,48.31,-28.19
Notorious,1946,79,19.31,-59.69,100,77.23,-22.77,89.5,48.27,-41.23
Majo no takkyûbin,1989,78,20.61,-57.39,83,75.91,-7.09,80.5,48.26,-32.24
Joker,2019,85,56.58,-28.42,59,39.84,-19.16,72.0,48.21,-23.79
Lost in Translation,2003,77,15.47,-61.53,89,80.93,-8.07,83.0,48.2,-34.8
The Untouchables,1987,79,25.75,-53.25,79,70.5,-8.5,79.0,48.12,-30.88
Nueve reinas,2000,79,26.31,-52.69,80,69.83,-10.17,79.5,48.07,-31.43
The Insider,1999,78,20.88,-57.12,84,75.25,-8.75,81.0,48.06,-32.94
Låt den rätte komma in,2008,79,25.47,-53.53,82,70.58,-11.42,80.5,48.02,-32.48
Shine,1996,77,15.49,-61.51,87,80.33,-6.67,82.0,47.91,-34.09
Star Trek,2009,79,25.47,-53.53,82,70.26,-11.74,80.5,47.87,-32.63
Close Encounters of the Third Kind,1977,76,9.77,-66.23,90,85.94,-4.06,83.0,47.85,-35.15
C.R.A.Z.Y.,2005,79,25.92,-53.08,81,69.62,-11.38,80.0,47.77,-32.23
Shrek,2001,78,20.93,-57.07,84,74.58,-9.42,81.0,47.75,-33.25
Ordinary People,1980,77,14.83,-62.17,86,80.66,-5.34,81.5,47.74,-33.76
Bir Zamanlar Anadolu'da,2011,79,25.28,-53.72,82,69.96,-12.04,80.5,47.62,-32.88
Serpico,1973,77,14.56,-62.44,87,80.66,-6.34,82.0,47.61,-34.39
Dip huet seung hung,1989,78,20.6,-57.4,82,74.51,-7.49,80.0,47.56,-32.44
Rush,2013,81,35.73,-45.27,74,59.4,-14.6,77.5,47.56,-29.94
Mommy,2014,81,35.67,-45.33,74,59.37,-14.63,77.5,47.52,-29.98
La grande bellezza,2013,78,19.91,-58.09,86,75.1,-10.9,82.0,47.5,-34.5
Into the Wild,2007,81,36.17,-44.83,73,58.78,-14.22,77.0,47.48,-29.52
Atonement,2007,78,20.37,-57.63,85,74.56,-10.44,81.5,47.47,-34.03
Auf der anderen Seite,2007,78,20.35,-57.65,85,74.58,-10.42,81.5,47.47,-34.03
Inherit the Wind,1960,81,34.71,-46.29,75,60.21,-14.79,78.0,47.46,-30.54
Omohide poro poro,1991,76,9.63,-66.37,90,85.22,-4.78,83.0,47.42,-35.58
Zootopia,2016,80,30.18,-49.82,78,64.67,-13.33,79.0,47.42,-31.58
The Big Lebowski,1998,81,36.7,-44.3,71,58.03,-12.97,76.0,47.37,-28.63
Knives Out,2019,79,24.88,-54.12,82,69.84,-12.16,80.5,47.36,-33.14
Isle of Dogs,2018,79,24.78,-54.22,82,69.86,-12.14,80.5,47.32,-33.18
Rocky,1976,81,36.13,-44.87,70,58.46,-11.54,75.5,47.3,-28.2
District 9,2009,79,25.52,-53.48,81,69.05,-11.95,80.0,47.28,-32.72
The Best Years of Our Lives,1946,80,24.48,-55.52,93,70.0,-23.0,86.5,47.24,-39.26
Twelve Monkeys,1995,80,31.41,-48.59,74,62.81,-11.19,77.0,47.11,-29.89
Who's Afraid of Virginia Woolf?,1966,80,30.55,-49.45,75,63.62,-11.38,77.5,47.09,-30.41
Waking Life,2001,78,20.92,-57.08,83,73.26,-9.74,80.5,47.09,-33.41
The Intouchables,2011,85,56.94,-28.06,57,37.24,-19.76,71.0,47.09,-23.91
Mou gaan dou,2002,80,31.35,-48.65,75,62.58,-12.42,77.5,46.97,-30.53
Goldfinger,1964,77,14.58,-62.42,87,79.22,-7.78,82.0,46.9,-35.1
A Christmas Story,1983,79,25.76,-53.24,77,68.04,-8.96,78.0,46.9,-31.1
Chak De! India,2007,82,41.54,-40.46,68,52.21,-15.79,75.0,46.88,-28.12
Les yeux sans visage,1960,77,13.73,-63.27,90,79.96,-10.04,83.5,46.84,-36.66
Le passé,2013,78,19.87,-58.13,85,73.77,-11.23,81.5,46.82,-34.68
Crimes and Misdemeanors,1989,79,25.88,-53.12,77,67.69,-9.31,78.0,46.78,-31.22
La vie d'Adèle,2013,77,14.59,-62.41,89,78.97,-10.03,83.0,46.78,-36.22
The Odd Couple,1968,77,14.79,-62.21,86,78.75,-7.25,81.5,46.77,-34.73
Green Book,2018,82,40.65,-41.35,69,52.88,-16.12,75.5,46.77,-28.73
Rushmore,1998,77,15.43,-61.57,86,78.09,-7.91,81.5,46.76,-34.74
Gran Torino,2008,81,36.06,-44.94,72,57.46,-14.54,76.5,46.76,-29.74
Arrival,2016,79,24.93,-54.07,81,68.57,-12.43,80.0,46.75,-33.25
Hunt for the Wilderpeople,2016,79,24.9,-54.1,81,68.55,-12.45,80.0,46.72,-33.28
Forushande,2016,78,19.64,-58.36,85,73.76,-11.24,81.5,46.7,-34.8
"Lock, Stock and Two Smoking Barrels",1998,82,42.0,-40.0,66,51.31,-14.69,74.0,46.66,-27.34
The Wrestler,2008,79,25.49,-53.51,80,67.72,-12.28,79.5,46.6,-32.9
Indiana Jones and the Last Crusade,1989,82,41.77,-40.23,65,51.4,-13.6,73.5,46.59,-26.91
Brokeback Mountain,2005,77,15.34,-61.66,87,77.51,-9.49,82.0,46.43,-35.57
The Little Mermaid,1989,76,9.98,-66.02,88,82.86,-5.14,82.0,46.42,-35.58
Lilja 4-ever,2002,78,20.79,-57.21,82,71.89,-10.11,80.0,46.34,-33.66
The Shop Around the Corner,1940,81,26.3,-54.7,96,66.32,-29.68,88.5,46.31,-42.19
Moonrise Kingdom,2012,78,19.98,-58.02,84,72.53,-11.47,81.0,46.26,-34.74
Withnail & I,1987,77,15.15,-61.85,84,77.33,-6.67,80.5,46.24,-34.26
Once Were Warriors,1994,79,25.56,-53.44,77,66.87,-10.13,78.0,46.22,-31.78
To Be or Not to Be,1942,82,33.58,-48.42,86,58.8,-27.2,84.0,46.19,-37.81
Guardians of the Galaxy,2014,80,30.36,-49.64,76,62.0,-14.0,78.0,46.18,-31.82
Gegen die Wand,2004,79,26.13,-52.87,78,66.19,-11.81,78.5,46.16,-32.34
Star Wars: Episode VII - The Force Awakens,2015,79,24.98,-54.02,80,67.28,-12.72,79.5,46.13,-33.37
The Revenant,2015,80,30.24,-49.76,76,62.03,-13.97,78.0,46.13,-31.87
Kubo and the Two Strings,2016,78,19.65,-58.35,84,72.47,-11.53,81.0,46.06,-34.94
Iron Man,2008,79,25.47,-53.53,79,66.63,-12.37,79.0,46.05,-32.95
Leviafan,2014,76,9.23,-66.77,92,82.87,-9.13,84.0,46.05,-37.95
Dances with Wolves,1990,80,31.04,-48.96,72,61.02,-10.98,76.0,46.03,-29.97
Toy Story 4,2019,78,19.53,-58.47,84,72.51,-11.49,81.0,46.02,-34.98
Trois couleurs: Blanc,1994,76,10.09,-65.91,88,81.88,-6.12,82.0,45.98,-36.02
The Florida Project,2017,76,8.91,-67.09,92,83.02,-8.98,84.0,45.96,-38.04
Avatar,2009,78,20.26,-57.74,83,71.63,-11.37,80.5,45.95,-34.55
A Bronx Tale,1993,78,20.21,-57.79,80,71.5,-8.5,79.0,45.86,-33.14
JFK,1991,80,30.85,-49.15,72,60.75,-11.25,76.0,45.8,-30.2
Hedwig and the Angry Inch,2001,77,15.6,-61.4,85,75.94,-9.06,81.0,45.77,-35.23
Sin City,2005,80,31.09,-48.91,74,60.3,-13.7,77.0,45.7,-31.3
Ôkami kodomo no Ame to Yuki,2012,81,35.85,-45.15,71,55.54,-15.46,76.0,45.7,-30.3
Pride & Prejudice,2005,78,20.52,-57.48,82,70.85,-11.15,80.0,45.68,-34.32
Wait Until Dark,1967,78,19.74,-58.26,81,71.58,-9.42,79.5,45.66,-33.84
Who Framed Roger Rabbit,1988,77,15.34,-61.66,83,75.96,-7.04,80.0,45.65,-34.35
Life of Pi,2012,79,25.27,-53.73,79,65.99,-13.01,79.0,45.63,-33.37
La montaña sagrada,1973,79,25.13,-53.87,76,65.97,-10.03,77.5,45.55,-31.95
Kaze tachinu,2013,78,19.92,-58.08,83,71.17,-11.83,80.5,45.55,-34.95
Groundhog Day,1993,80,30.68,-49.32,72,60.37,-11.63,76.0,45.52,-30.48
Kill Bill: Vol. 1,2003,81,36.68,-44.32,69,54.35,-14.65,75.0,45.52,-29.48
The Day of the Jackal,1973,78,19.78,-58.22,80,71.24,-8.76,79.0,45.51,-33.49
This Is England,2006,77,15.15,-61.85,86,75.84,-10.16,81.5,45.5,-36.0
Nebraska,2013,77,14.59,-62.41,87,76.39,-10.61,82.0,45.49,-36.51
Hacksaw Ridge,2016,81,35.5,-45.5,71,55.48,-15.52,76.0,45.49,-30.51
Jurassic Park,1993,81,36.02,-44.98,68,54.94,-13.06,74.5,45.48,-29.02
Birdman or (The Unexpected Virtue of Ignorance),2014,77,14.55,-62.45,87,76.33,-10.67,82.0,45.44,-36.56
Sing Street,2016,79,24.9,-54.1,79,65.98,-13.02,79.0,45.44,-33.56
Kurenai no buta,1992,77,15.01,-61.99,83,75.75,-7.25,80.0,45.38,-34.62
Gake no ue no Ponyo,2008,77,14.89,-62.11,86,75.86,-10.14,81.5,45.38,-36.12
Stalag 17,1953,80,26.02,-53.98,84,64.7,-19.3,82.0,45.36,-36.64
Brief Encounter,1945,80,23.48,-56.52,92,67.14,-24.86,86.0,45.31,-40.69
A Little Princess,1995,77,15.37,-61.63,83,75.23,-7.77,80.0,45.3,-34.7
Das weiße Band - Eine deutsche Kindergeschichte,2009,78,20.23,-57.77,82,70.35,-11.65,80.0,45.29,-34.71
Dial M for Murder,1954,82,36.56,-45.44,75,53.9,-21.1,78.5,45.23,-33.27
The Color Purple,1985,78,20.72,-57.28,78,69.67,-8.33,78.0,45.2,-32.8
Cabaret,1972,78,19.61,-58.39,80,70.76,-9.24,79.0,45.19,-33.81
The Maltese Falcon,1941,80,22.1,-57.9,96,68.19,-27.81,88.0,45.14,-42.86
Y tu mamá también,2001,76,10.29,-65.71,88,79.94,-8.06,82.0,45.11,-36.89
Mimi wo sumaseba,1995,79,25.97,-53.03,75,64.18,-10.82,77.0,45.08,-31.92
High Noon,1952,79,20.54,-58.46,89,69.54,-19.46,84.0,45.04,-38.96
Enter the Dragon,1973,77,14.62,-62.38,83,75.43,-7.57,80.0,45.03,-34.97
The Long Goodbye,1973,76,9.18,-66.82,87,80.79,-6.21,81.5,44.98,-36.52
Prisoners,2013,81,35.71,-45.29,70,54.18,-15.82,75.5,44.95,-30.55
Bin-jip,2004,80,31.47,-48.53,72,58.33,-13.67,76.0,44.9,-31.1
Captain Phillips,2013,78,19.95,-58.05,82,69.84,-12.16,80.0,44.9,-35.1
Argo,2012,77,14.64,-62.36,86,75.12,-10.88,81.5,44.88,-36.62
Mar adentro,2014,80,30.37,-49.63,74,59.38,-14.62,77.0,44.88,-32.12
Glory,1989,78,20.59,-57.41,78,69.15,-8.85,78.0,44.87,-33.13
Hot Fuzz,2007,78,20.29,-57.71,81,69.3,-11.7,79.5,44.8,-34.7
"I, Daniel Blake",2016,79,24.89,-54.11,78,64.63,-13.37,78.5,44.76,-33.74
Edward Scissorhands,1990,79,25.75,-53.25,74,63.73,-10.27,76.5,44.74,-31.76
Glengarry Glen Ross,1992,77,15.05,-61.95,82,74.37,-7.63,79.5,44.71,-34.79
Shaun of the Dead,2004,79,26.05,-52.95,76,63.35,-12.65,77.5,44.7,-32.8
Mission: Impossible - Fallout,2018,77,14.2,-62.8,86,75.12,-10.88,81.5,44.66,-36.84
Midnight Cowboy,1969,78,19.94,-58.06,79,69.12,-9.88,78.5,44.53,-33.97
Star Wars: Episode VI - Return of the Jedi,1983,83,47.04,-35.96,58,41.99,-16.01,70.5,44.52,-25.98
In the Heat of the Night,1967,79,25.24,-53.76,75,63.67,-11.33,77.0,44.45,-32.55
Kramer vs. Kramer,1979,78,20.39,-57.61,77,68.41,-8.59,77.5,44.4,-33.1
Adaptation.,2002,77,15.48,-61.52,83,73.26,-9.74,80.0,44.37,-35.63
The Magdalene Sisters,2002,77,15.48,-61.52,83,73.16,-9.84,80.0,44.32,-35.68
Strangers on a Train,1951,79,20.82,-58.18,88,67.69,-20.31,83.5,44.25,-39.25
The Imitation Game,2014,80,30.39,-49.61,73,58.05,-14.95,76.5,44.22,-32.28
Little Miss Sunshine,2006,78,20.38,-57.62,80,68.03,-11.97,79.0,44.2,-34.8
Klaus,2019,82,40.73,-41.27,65,47.65,-17.35,73.5,44.19,-29.31
Invasion of the Body Snatchers,1956,77,11.16,-65.84,92,77.18,-14.82,84.5,44.17,-40.33
Okuribito,2008,81,36.06,-44.94,68,52.17,-15.83,74.5,44.12,-30.38
The Big Short,2015,78,19.67,-58.33,81,68.58,-12.42,79.5,44.12,-35.38
Get Out,2017,77,14.32,-62.68,85,73.9,-11.1,81.0,44.11,-36.89
Sound of Metal,2019,78,19.57,-58.43,81,68.63,-12.37,79.5,44.1,-35.4
God's Own Country,2017,77,14.28,-62.72,85,73.88,-11.12,81.0,44.08,-36.92
Druk,2020,78,19.52,-58.48,81,68.6,-12.4,79.5,44.06,-35.44
Gone with the Wind,1939,81,25.68,-55.32,97,61.63,-35.37,89.0,43.66,-45.34
The Killing Fields,1984,78,20.64,-57.36,76,66.64,-9.36,77.0,43.64,-33.36
Il postino,1994,77,14.92,-62.08,81,72.33,-8.67,79.0,43.62,-35.38
All That Jazz,1979,79,25.65,-53.35,72,61.47,-10.53,75.5,43.56,-31.94
Nightcrawler,2014,79,25.1,-53.9,76,61.98,-14.02,77.5,43.54,-33.96
Happiness,1998,77,15.52,-61.48,81,71.53,-9.47,79.0,43.52,-35.48
Hell or High Water,2016,76,9.06,-66.94,88,77.68,-10.32,82.0,43.37,-38.63
A Star Is Born,2018,76,8.9,-67.1,88,77.8,-10.2,82.0,43.35,-38.65
Boyz n the Hood,1991,78,20.37,-57.63,76,66.32,-9.68,77.0,43.34,-33.66
Madeo,2009,78,20.24,-57.76,79,66.42,-12.58,78.5,43.33,-35.17
The Ladykillers,1955,77,11.55,-65.45,91,75.04,-15.96,84.0,43.3,-40.7
Sense and Sensibility,1995,76,10.15,-65.85,84,76.29,-7.71,80.0,43.22,-36.78
Breaking the Waves,1996,78,20.81,-57.19,76,65.5,-10.5,77.0,43.16,-33.84
Shutter Island,2010,82,41.21,-40.79,63,45.09,-17.91,72.5,43.15,-29.35
City Lights,1931,85,44.3,-40.7,99,41.98,-57.02,92.0,43.14,-48.86
Tropa de Elite 2: O Inimigo Agora é Outro,2010,80,30.62,-49.38,71,55.59,-15.41,75.5,43.11,-32.39
V for Vendetta,2005,82,41.69,-40.31,62,44.44,-17.56,72.0,43.06,-28.94
The Fighter,2010,78,20.04,-57.96,79,65.98,-13.02,78.5,43.01,-35.49
Down by Law,1986,78,20.59,-57.41,75,65.35,-9.65,76.5,42.97,-33.53
Moneyball,2011,76,9.37,-66.63,87,76.5,-10.5,81.5,42.94,-38.56
Dawn of the Dead,1978,79,25.76,-53.24,71,60.07,-10.93,75.0,42.91,-32.09
Serbuan maut 2: Berandal,2014,80,30.37,-49.63,71,55.43,-15.57,75.5,42.9,-32.6
X-Men: Days of Future Past,2014,79,25.09,-53.91,75,60.66,-14.34,77.0,42.88,-34.12
Pride,2014,78,19.79,-58.21,79,65.88,-13.12,78.5,42.83,-35.67
The Lego Movie,2014,77,14.51,-62.49,83,71.1,-11.9,80.0,42.8,-37.2
The Grapes of Wrath,1940,80,21.05,-58.95,96,64.53,-31.47,88.0,42.79,-45.21
Doctor Zhivago,1965,80,30.14,-49.86,69,55.35,-13.65,74.5,42.75,-31.75
Misery,1990,78,20.48,-57.52,75,65.01,-9.99,76.5,42.75,-33.75
The Sixth Sense,1999,81,36.88,-44.12,64,48.47,-15.53,72.5,42.67,-29.83
Deliverance,1972,77,14.28,-62.72,80,70.78,-9.22,78.5,42.53,-35.97
Cinderella Man,2005,80,31.22,-48.78,69,53.78,-15.22,74.5,42.5,-32.0
Harry Potter and the Goblet of Fire,2005,77,15.32,-61.68,81,69.6,-11.4,79.0,42.46,-36.54
Blood Simple,1984,76,10.07,-65.93,82,74.82,-7.18,79.0,42.44,-36.56
Short Cuts,1993,77,14.95,-62.05,79,69.87,-9.13,78.0,42.41,-35.59
Drive,2011,78,19.97,-58.03,78,64.69,-13.31,78.0,42.33,-35.67
Airplane!,1980,77,14.87,-62.13,78,69.65,-8.35,77.5,42.26,-35.24
Titanic,1997,78,20.81,-57.19,75,63.69,-11.31,76.5,42.25,-34.25
Papurika,2006,77,15.07,-61.93,81,69.34,-11.66,79.0,42.2,-36.8
Awakenings,1990,78,20.46,-57.54,74,63.77,-10.23,76.0,42.12,-33.88
Thor: Ragnarok,2017,79,24.75,-54.25,74,59.5,-14.5,76.5,42.12,-34.38
Baby Driver,2017,76,9.03,-66.97,86,75.13,-10.87,81.0,42.08,-38.92
Nelyubov,2017,76,8.96,-67.04,86,75.15,-10.85,81.0,42.06,-38.94
Miracle on 34th Street,1947,79,19.35,-59.65,88,64.74,-23.26,83.5,42.05,-41.45
Taegukgi hwinalrimyeo,2004,81,36.66,-44.34,64,47.45,-16.55,72.5,42.05,-30.45
Rebel Without a Cause,1955,77,11.74,-65.26,89,72.33,-16.67,83.0,42.03,-40.97
Snatch,2000,83,47.53,-35.47,55,36.24,-18.76,69.0,41.89,-27.11
Fiddler on the Roof,1971,80,30.4,-49.6,67,53.26,-13.74,73.5,41.83,-31.67
The Avengers,2012,80,30.53,-49.47,69,52.92,-16.08,74.5,41.73,-32.77
Roman Holiday,1953,80,25.95,-54.05,78,57.42,-20.58,79.0,41.69,-37.31
Midnight in Paris,2011,77,14.68,-62.32,81,68.64,-12.36,79.0,41.66,-37.34
Silver Linings Playbook,2012,77,14.69,-62.31,81,68.61,-12.39,79.0,41.65,-37.35
Skyfall,2012,77,14.67,-62.33,81,68.61,-12.39,79.0,41.64,-37.36
The Verdict,1982,77,15.21,-61.79,77,68.05,-8.95,77.0,41.63,-35.37
The King of Comedy,1982,78,20.51,-57.49,73,62.72,-10.28,75.5,41.62,-33.88
Lion,2016,80,30.22,-49.78,69,52.9,-16.1,74.5,41.56,-32.94
American Gangster,2007,78,20.38,-57.62,76,62.72,-13.28,77.0,41.55,-35.45
Diarios de motocicleta,2004,78,20.84,-57.16,75,62.22,-12.78,76.5,41.53,-34.97
Togo,2019,80,30.1,-49.9,69,52.91,-16.09,74.5,41.5,-33.0
The Trial of the Chicago 7,2020,78,19.57,-58.43,77,63.4,-13.6,77.5,41.48,-36.02
Frost/Nixon,2008,77,14.91,-62.09,80,67.96,-12.04,78.5,41.43,-37.07
Män som hatar kvinnor,2009,78,20.23,-57.77,76,62.49,-13.51,77.0,41.36,-35.64
Rain Man,1988,80,31.25,-48.75,65,51.42,-13.58,72.5,41.34,-31.16
Coraline,2009,77,14.95,-62.05,80,67.7,-12.3,78.5,41.33,-37.17
Blue Velvet,1986,77,15.38,-61.62,76,66.85,-9.15,76.5,41.11,-35.39
Butch Cassidy and the Sundance Kid,1969,80,30.5,-49.5,66,51.7,-14.3,73.0,41.1,-31.9
The African Queen,1951,77,10.31,-66.69,91,71.57,-19.43,84.0,40.94,-43.06
Evil Dead II,1987,78,20.59,-57.41,72,61.23,-10.77,75.0,40.91,-34.09
The Lunchbox,2013,78,19.84,-58.16,76,61.98,-14.02,77.0,40.91,-36.09
Kung fu,2004,77,15.56,-61.44,78,66.22,-11.78,77.5,40.89,-36.61
How to Train Your Dragon 2,2014,78,19.78,-58.22,76,61.99,-14.01,77.0,40.89,-36.11
Captain Fantastic,2016,79,24.92,-54.08,72,56.8,-15.2,75.5,40.86,-34.64
La planète sauvage,1973,78,19.82,-58.18,73,61.88,-11.12,75.5,40.85,-34.65
What's Eating Gilbert Grape,1993,78,20.13,-57.87,73,61.57,-11.43,75.5,40.85,-34.65
Judgment at Nuremberg,1961,82,40.21,-41.79,60,41.45,-18.55,71.0,40.83,-30.17
Batoru rowaiaru,2000,76,10.33,-65.67,81,71.31,-9.69,78.5,40.82,-37.68
The Last Emperor,1987,77,15.18,-61.82,76,66.42,-9.58,76.5,40.8,-35.7
Blowup,1966,76,9.01,-66.99,82,72.56,-9.44,79.0,40.79,-38.21
The Philadelphia Story,1940,79,16.01,-62.99,96,65.44,-30.56,87.5,40.73,-46.77
Cast Away,2000,78,20.88,-57.12,73,60.58,-12.42,75.5,40.73,-34.77
The Longest Day,1962,78,19.55,-58.45,75,61.79,-13.21,76.5,40.67,-35.83
Shadow of a Doubt,1943,78,13.21,-64.79,94,68.08,-25.92,86.0,40.64,-45.36
The Last of the Mohicans,1992,77,14.95,-62.05,76,66.1,-9.9,76.5,40.52,-35.98
Donnie Brasco,1997,77,15.46,-61.54,76,65.41,-10.59,76.5,40.44,-36.06
The Purple Rose of Cairo,1985,77,15.36,-61.64,75,65.47,-9.53,76.0,40.41,-35.59
Serenity,2005,78,20.5,-57.5,74,60.31,-13.69,76.0,40.41,-35.59
The Perks of Being a Wallflower,2012,80,30.54,-49.46,67,50.25,-16.75,73.5,40.39,-33.11
Efter brylluppet,2006,77,15.16,-61.84,78,65.39,-12.61,77.5,40.27,-37.23
Edge of Tomorrow,2014,79,25.07,-53.93,71,55.47,-15.53,75.0,40.27,-34.73
The Station Agent,2003,76,10.27,-65.73,81,70.25,-10.75,78.5,40.26,-38.24
Zulu,1964,77,14.38,-62.62,77,66.11,-10.89,77.0,40.24,-36.76
Tôkyô goddofâzâzu,2003,78,20.85,-57.15,73,59.63,-13.37,75.5,40.24,-35.26
Control,2007,77,15.07,-61.93,78,65.36,-12.64,77.5,40.22,-37.28
Ghostbusters,1984,78,20.6,-57.4,71,59.8,-11.2,74.5,40.2,-34.3
Eastern Promises,2007,76,9.75,-66.25,82,70.62,-11.38,79.0,40.19,-38.81
Beasts of No Nation,2015,77,14.5,-62.5,79,65.88,-13.12,78.0,40.19,-37.81
Under sandet,2015,78,19.66,-58.34,75,60.72,-14.28,76.5,40.19,-36.31
Captain America: Civil War,2016,78,19.64,-58.36,75,60.73,-14.27,76.5,40.19,-36.31
Zodiac,2007,77,14.96,-62.04,78,65.4,-12.6,77.5,40.18,-37.32
Per un pugno di dollari,1964,80,30.22,-49.78,65,50.12,-14.88,72.5,40.17,-32.33
Mustang,2015,76,9.13,-66.87,83,71.14,-11.86,79.5,40.13,-39.37
Once Upon a Time... in Hollywood,2019,76,9.0,-67.0,83,71.21,-11.79,79.5,40.1,-39.4
Ace in the Hole,1951,81,31.11,-49.89,72,48.74,-23.26,76.5,39.92,-36.58
Rebecca,1940,81,25.87,-55.13,86,53.55,-32.45,83.5,39.71,-43.79
In America,2002,77,15.51,-61.49,76,63.91,-12.09,76.5,39.71,-36.79
Minority Report,2002,76,10.17,-65.83,80,69.24,-10.76,78.0,39.7,-38.3
The Wizard of Oz,1939,80,21.05,-58.95,92,58.21,-33.79,86.0,39.63,-46.37
The Bourne Identity,2002,79,26.02,-52.98,68,53.24,-14.76,73.5,39.63,-33.87
Big Hero 6,2014,78,19.85,-58.15,74,59.36,-14.64,76.0,39.61,-36.39
Ex Machina,2014,77,14.49,-62.51,78,64.61,-13.39,77.5,39.55,-37.95
Wonder,2017,80,30.04,-49.96,66,49.04,-16.96,73.0,39.54,-33.46
Hidden Figures,2016,78,19.62,-58.38,74,59.4,-14.6,76.0,39.51,-36.49
October Sky,1999,78,20.92,-57.08,71,58.06,-12.94,74.5,39.49,-35.01
Creed,2015,76,9.17,-66.83,82,69.81,-12.19,79.0,39.49,-39.51
Sicario,2015,76,9.12,-66.88,82,69.86,-12.14,79.0,39.49,-39.51
The Secret of Kells,2009,76,9.53,-66.47,81,68.89,-12.11,78.5,39.21,-39.29
Mad Max 2,1981,76,9.96,-66.04,77,68.33,-8.67,76.5,39.14,-37.36
Dazed and Confused,1993,76,9.6,-66.4,78,68.6,-9.4,77.0,39.1,-37.9
Walk the Line,2005,78,20.51,-57.49,72,57.6,-14.4,75.0,39.05,-35.95
Blood Diamond,2006,80,31.05,-48.95,64,46.97,-17.03,72.0,39.01,-32.99
The Pursuit of Happyness,2006,80,31.04,-48.96,64,46.92,-17.08,72.0,38.98,-33.02
Deadpool,2016,80,30.21,-49.79,65,47.65,-17.35,72.5,38.93,-33.57
Gully Boy,2019,80,30.13,-49.87,65,47.73,-17.27,72.5,38.93,-33.57
Pirates of the Caribbean: The Curse of the Black Pearl,2003,80,31.39,-48.61,63,46.38,-16.62,71.5,38.89,-32.61
3:10 to Yuma,2007,77,15.1,-61.9,76,62.68,-13.32,76.5,38.89,-37.61
Bridge of Spies,2015,76,9.2,-66.8,81,68.5,-12.5,78.5,38.85,-39.65
Moana,2016,76,9.06,-66.94,81,68.61,-12.39,78.5,38.84,-39.66
The Thin Red Line,1998,76,10.2,-65.8,78,67.4,-10.6,77.0,38.8,-38.2
Ed Wood,1994,78,20.1,-57.9,70,57.45,-12.55,74.0,38.78,-35.22
The Sound of Music,1965,80,30.24,-49.76,63,47.29,-15.71,71.5,38.77,-32.73
The Outlaw Josey Wales,1976,78,20.39,-57.61,69,57.15,-11.85,73.5,38.77,-34.73
Billy Elliot,2000,77,15.6,-61.4,74,61.93,-12.07,75.5,38.77,-36.73
(500) Days of Summer,2009,77,14.94,-62.06,76,62.47,-13.53,76.5,38.7,-37.8
La leggenda del pianista sull'oceano,1998,81,36.7,-44.3,58,40.63,-17.37,69.5,38.67,-30.83
Black Hawk Down,2001,77,15.76,-61.24,74,61.55,-12.45,75.5,38.66,-36.84
The Thing,1982,81,36.38,-44.62,57,40.77,-16.23,69.0,38.58,-30.42
Malcolm X,1992,77,14.97,-62.03,73,62.15,-10.85,75.0,38.56,-36.44
Escape from Alcatraz,1979,76,9.88,-66.12,76,67.05,-8.95,76.0,38.46,-37.54
Kari-gurashi no Arietti,2010,76,9.49,-66.51,80,67.41,-12.59,78.0,38.45,-39.55
True Grit,2010,76,9.45,-66.55,80,67.36,-12.64,78.0,38.41,-39.59
Ocean's Eleven,2001,77,15.58,-61.42,74,61.22,-12.78,75.5,38.4,-37.1
Carlito's Way,1993,79,25.5,-53.5,65,51.0,-14.0,72.0,38.25,-33.75
Straight Outta Compton,2015,78,19.68,-58.32,72,56.82,-15.18,75.0,38.25,-36.75
When Harry Met Sally...,1989,76,9.92,-66.08,76,66.52,-9.48,76.0,38.22,-37.78
The Visitor,2007,76,9.66,-66.34,79,66.78,-12.22,77.5,38.22,-39.28
What We Do in the Shadows,2014,77,14.48,-62.52,76,61.96,-14.04,76.5,38.22,-38.28
Cape Fear,1962,77,13.92,-63.08,76,62.5,-13.5,76.5,38.21,-38.29
The Naked Gun: From the Files of Police Squad!,1988,76,10.05,-65.95,76,66.38,-9.62,76.0,38.21,-37.79
Blazing Saddles,1974,77,14.48,-62.52,73,61.89,-11.11,75.0,38.19,-36.81
In Bruges,2008,79,25.48,-53.52,67,50.86,-16.14,73.0,38.17,-34.83
"South Park: Bigger, Longer & Uncut",1999,77,15.57,-61.43,73,60.69,-12.31,75.0,38.13,-36.87
Le dîner de cons,1998,77,15.51,-61.49,73,60.72,-12.28,75.0,38.12,-36.88
Lola rennt,1998,76,10.21,-65.79,77,66.04,-10.96,76.5,38.12,-38.38
Moon,2009,79,25.51,-53.49,67,50.66,-16.34,73.0,38.09,-34.91
Incredibles 2,2018,76,8.94,-67.06,80,67.25,-12.75,78.0,38.09,-39.91
Giù la testa,1971,76,9.26,-66.74,77,66.68,-10.32,76.5,37.97,-38.53
Dancer in the Dark,2000,80,31.47,-48.53,61,44.48,-16.52,70.5,37.97,-32.53
The Dirty Dozen,1967,77,14.64,-62.36,73,60.95,-12.05,75.0,37.8,-37.2
Night on Earth,1991,78,20.24,-57.76,68,55.31,-12.69,73.0,37.77,-35.23
The Girl with the Dragon Tattoo,2011,78,19.9,-58.1,71,55.59,-15.41,74.5,37.75,-36.75
Rupan sansei: Kariosutoro no shiro,1979,77,15.1,-61.9,71,60.19,-10.81,74.0,37.64,-36.36
The Last King of Scotland,2006,77,15.07,-61.93,74,60.09,-13.91,75.5,37.58,-37.92
Dawn of the Planet of the Apes,2014,76,9.22,-66.78,79,65.93,-13.07,77.5,37.58,-39.92
Ray,2004,77,15.5,-61.5,73,59.46,-13.54,75.0,37.48,-37.52
Le locataire,1976,77,14.96,-62.04,71,59.84,-11.16,74.0,37.4,-36.6
The Bourne Supremacy,2004,77,15.46,-61.54,73,59.34,-13.66,75.0,37.4,-37.6
The Adventures of Robin Hood,1938,79,15.79,-63.21,97,59.0,-38.0,88.0,37.39,-50.61
Harry Potter and the Half-Blood Prince,2009,76,9.64,-66.36,78,65.13,-12.87,77.0,37.38,-39.62
The Curious Case of Benjamin Button,2008,78,20.11,-57.89,70,54.59,-15.41,74.0,37.35,-36.65
The Royal Tenenbaums,2001,76,10.36,-65.64,76,63.97,-12.03,76.0,37.16,-38.84
The Help,2011,80,30.47,-49.53,62,43.81,-18.19,71.0,37.14,-33.86
Do lok tin si,1995,77,15.35,-61.65,71,58.8,-12.2,74.0,37.07,-36.93
The Magnificent Seven,1960,77,14.12,-62.88,74,59.91,-14.09,75.5,37.02,-38.48
Road to Perdition,2002,77,15.44,-61.56,72,58.58,-13.42,74.5,37.01,-37.49
The Muppet Movie,1979,76,9.74,-66.26,74,64.27,-9.73,75.0,37.0,-38.0
The Breakfast Club,1985,78,20.74,-57.26,66,53.26,-12.74,72.0,37.0,-35.0
Dogville,2003,80,31.41,-48.59,60,42.54,-17.46,70.0,36.98,-33.02
Scent of a Woman,1992,80,30.83,-49.17,59,43.03,-15.97,69.5,36.93,-32.57
Me and Earl and the Dying Girl,2015,77,14.43,-62.57,74,59.39,-14.61,75.5,36.91,-38.59
East of Eden,1955,79,22.28,-56.72,72,51.49,-20.51,75.5,36.89,-38.61
A Man for All Seasons,1966,77,14.4,-62.6,72,59.22,-12.78,74.5,36.81,-37.69
Giant,1956,76,6.17,-69.83,84,67.1,-16.9,80.0,36.63,-43.37
The Hangover,2009,77,14.85,-62.15,73,58.41,-14.59,75.0,36.63,-38.37
Un long dimanche de fiançailles,2004,76,10.07,-65.93,76,63.11,-12.89,76.0,36.59,-39.41
Willy Wonka & the Chocolate Factory,1971,78,19.66,-58.34,67,53.28,-13.72,72.5,36.47,-36.03
The World's Fastest Indian,2005,78,20.5,-57.5,68,52.38,-15.62,73.0,36.44,-36.56
Apocalypto,2006,78,20.47,-57.53,68,52.26,-15.74,73.0,36.36,-36.64
The Fall,2006,79,25.7,-53.3,64,46.97,-17.03,71.5,36.34,-35.16
Philomena,2013,76,9.28,-66.72,77,63.33,-13.67,76.5,36.3,-40.2
Inside Man,2006,76,9.81,-66.19,76,62.74,-13.26,76.0,36.27,-39.73
Victoria,2015,76,9.08,-66.92,77,63.33,-13.67,76.5,36.2,-40.3
Wind River,2017,77,14.19,-62.81,73,58.2,-14.8,75.0,36.2,-38.8
Clerks,1994,77,14.84,-62.16,70,57.48,-12.52,73.5,36.16,-37.34
The Hurricane,1999,76,10.3,-65.7,74,61.86,-12.14,75.0,36.08,-38.92
Rope,1948,80,24.53,-55.47,73,47.61,-25.39,76.5,36.07,-40.43
Mississippi Burning,1988,78,20.56,-57.44,65,51.47,-13.53,71.5,36.02,-35.48
Papillon,1973,80,30.42,-49.58,58,41.46,-16.54,69.0,35.94,-33.06
The Lady Vanishes,1938,78,10.53,-67.47,98,61.31,-36.69,88.0,35.92,-52.08
Barton Fink,1991,77,15.1,-61.9,69,56.74,-12.26,73.0,35.92,-37.08
Veer-Zaara,2004,78,20.64,-57.36,67,51.21,-15.79,72.5,35.92,-36.58
The Others,2001,76,10.4,-65.6,74,61.31,-12.69,75.0,35.86,-39.14
Harold and Maude,1971,79,25.02,-53.98,62,46.41,-15.59,70.5,35.71,-34.79
Wreck-It Ralph,2012,77,14.67,-62.33,72,56.76,-15.24,74.5,35.71,-38.79
Star Trek Into Darkness,2013,77,14.57,-62.43,72,56.78,-15.22,74.5,35.67,-38.83
Big Fish,2003,80,31.39,-48.61,58,39.91,-18.09,69.0,35.65,-33.35
Omoide no Mânî,2014,77,14.51,-62.49,72,56.75,-15.25,74.5,35.63,-38.87
Zwartboek,2006,77,15.12,-61.88,71,56.12,-14.88,74.0,35.62,-38.38
The Theory of Everything,2014,77,14.5,-62.5,72,56.74,-15.26,74.5,35.62,-38.88
The Hateful Eight,2015,78,19.66,-58.34,68,51.59,-16.41,73.0,35.62,-37.38
Breakfast at Tiffany's,1961,76,8.7,-67.3,76,62.48,-13.52,76.0,35.59,-40.41
"Planes, Trains & Automobiles",1987,76,9.97,-66.03,72,61.15,-10.85,74.0,35.56,-38.44
Yip Man,2008,80,30.82,-49.18,59,40.18,-18.82,69.5,35.5,-34.0
"O Brother, Where Art Thou?",2000,77,15.69,-61.31,69,55.1,-13.9,73.0,35.4,-37.6
From Here to Eternity,1953,76,5.17,-70.83,85,65.56,-19.44,80.5,35.37,-45.13
The Blues Brothers,1980,79,25.62,-53.38,60,45.11,-14.89,69.5,35.37,-34.13
Ang-ma-reul bo-at-da,2010,78,20.06,-57.94,67,50.53,-16.47,72.5,35.3,-37.2
Cowboy Bebop: Tengoku no tobira,2001,79,26.31,-52.69,61,44.11,-16.89,70.0,35.21,-34.79
Joyeux Noël,2005,77,15.3,-61.7,70,55.09,-14.91,73.5,35.2,-38.3
Tangled,2010,77,14.76,-62.24,71,55.53,-15.47,74.0,35.15,-38.85
Training Day,2001,77,15.63,-61.37,69,54.63,-14.37,73.0,35.13,-37.87
28 Days Later...,2002,76,10.22,-65.78,73,59.95,-13.05,74.5,35.09,-39.41
The Taking of Pelham One Two Three,1974,77,14.74,-62.26,68,55.29,-12.71,72.5,35.02,-37.48
Gattaca,1997,78,20.68,-57.32,64,49.16,-14.84,71.0,34.92,-36.08
Star Trek II: The Wrath of Khan,1982,77,15.26,-61.74,67,54.56,-12.44,72.0,34.91,-37.09
Mysterious Skin,2004,76,10.23,-65.77,73,59.48,-13.52,74.5,34.85,-39.65
Office Space,1999,77,15.6,-61.4,68,54.01,-13.99,72.5,34.8,-37.7
Stagecoach,1939,78,11.01,-66.99,93,58.41,-34.59,85.5,34.71,-50.79
The Broken Circle Breakdown,2012,77,14.66,-62.34,70,54.22,-15.78,73.5,34.44,-39.06
Fantasia,1940,77,5.68,-71.32,96,63.15,-32.85,86.5,34.41,-52.09
The Hobbit: The Desolation of Smaug,2013,78,19.85,-58.15,66,48.93,-17.07,72.0,34.39,-37.61
As Good as It Gets,1997,77,15.44,-61.56,67,53.26,-13.74,72.0,34.35,-37.65
Good Bye Lenin!,2003,77,15.52,-61.48,68,53.18,-14.82,72.5,34.35,-38.15
Captain America: The Winter Soldier,2014,77,14.53,-62.47,70,54.18,-15.82,73.5,34.35,-39.15
Le Petit Prince,2015,77,14.44,-62.56,70,54.15,-15.85,73.5,34.3,-39.2
It Happened One Night,1934,81,25.34,-55.66,87,43.24,-43.76,84.0,34.29,-49.71
En man som heter Ove,2015,77,14.44,-62.56,70,54.14,-15.86,73.5,34.29,-39.21
The Goonies,1985,78,20.69,-57.31,62,47.72,-14.28,70.0,34.2,-35.8
Mulan,1998,76,10.17,-65.83,71,57.98,-13.02,73.5,34.07,-39.43
True Romance,1993,79,25.43,-53.57,59,42.66,-16.34,69.0,34.05,-34.95
Miller's Crossing,1990,77,15.22,-61.78,66,52.78,-13.22,71.5,34.0,-37.5
Zombieland,2009,76,9.5,-66.5,73,58.41,-14.59,74.5,33.95,-40.55
Guess Who's Coming to Dinner,1967,78,20.0,-58.0,63,47.64,-15.36,70.5,33.82,-36.68
Match Point,2005,76,9.95,-66.05,72,57.68,-14.32,74.0,33.81,-40.19
Serbuan maut,2011,76,9.34,-66.66,73,58.2,-14.8,74.5,33.77,-40.73
The Fault in Our Stars,2014,77,14.51,-62.49,69,52.82,-16.18,73.0,33.66,-39.34
Rogue One,2016,78,19.61,-58.39,65,47.69,-17.31,71.5,33.65,-37.85
Gone Baby Gone,2007,76,9.72,-66.28,72,57.47,-14.53,74.0,33.59,-40.41
Chugyeokja,2008,78,20.22,-57.78,64,46.93,-17.07,71.0,33.58,-37.42
Dark Waters,2019,76,8.95,-67.05,73,58.17,-14.83,74.5,33.56,-40.94
Philadelphia,1993,77,14.84,-62.16,66,52.22,-13.78,71.5,33.53,-37.97
Ferris Bueller's Day Off,1986,78,20.56,-57.44,61,46.17,-14.83,69.5,33.37,-36.13
Despicable Me,2010,76,9.47,-66.53,72,57.07,-14.93,74.0,33.27,-40.73
50/50,2011,76,9.42,-66.58,72,56.89,-15.11,74.0,33.16,-40.84
The Bridges of Madison County,1995,76,10.11,-65.89,69,56.02,-12.98,72.5,33.06,-39.44
21 Grams,2003,76,10.21,-65.79,70,55.9,-14.1,73.0,33.05,-39.95
Funny Games,1997,76,10.12,-65.88,69,55.94,-13.06,72.5,33.03,-39.47
Crash,2004,77,15.56,-61.44,66,50.35,-15.65,71.5,32.95,-38.55
On Golden Pond,1981,76,9.88,-66.12,68,55.97,-12.03,72.0,32.92,-39.08
Kal Ho Naa Ho,2003,80,31.37,-48.63,54,34.47,-19.53,67.0,32.92,-34.08
Only the Brave,2017,76,8.94,-67.06,72,56.86,-15.14,74.0,32.9,-41.1
Lethal Weapon,1987,76,10.04,-65.96,68,55.72,-12.28,72.0,32.88,-39.12
The Game,1997,78,20.83,-57.17,61,44.88,-16.12,69.5,32.86,-36.64
Mr. Nobody,2009,78,20.21,-57.79,63,45.39,-17.61,70.5,32.8,-37.7
My Cousin Vinny,1992,76,9.63,-66.37,68,55.32,-12.68,72.0,32.48,-39.52
Fried Green Tomatoes,1991,77,15.0,-62.0,64,49.9,-14.1,70.5,32.45,-38.05
Huo Yuan Jia,2006,76,9.84,-66.16,70,54.86,-15.14,73.0,32.35,-40.65
The Muppet Christmas Carol,1992,77,14.91,-62.09,64,49.76,-14.24,70.5,32.34,-38.16
The Count of Monte Cristo,2002,78,20.72,-57.28,61,43.9,-17.1,69.5,32.31,-37.19
Ondskan,2003,78,20.8,-57.2,61,43.76,-17.24,69.5,32.28,-37.22
Searching,2018,76,8.89,-67.11,71,55.55,-15.45,73.5,32.22,-41.28
Mr. Smith Goes to Washington,1939,81,26.12,-54.88,73,38.06,-34.94,77.0,32.09,-44.91
The Thin Man,1934,80,20.9,-59.1,86,43.09,-42.91,83.0,32.0,-51.0
Pink Floyd: The Wall,1982,81,36.42,-44.58,47,27.25,-19.75,64.0,31.84,-32.16
La piel que habito,2011,76,9.41,-66.59,70,54.27,-15.73,73.0,31.84,-41.16
25th Hour,2002,76,10.25,-65.75,68,53.31,-14.69,72.0,31.78,-40.22
Jojo Rabbit,2019,79,24.85,-54.15,58,38.55,-19.45,68.5,31.7,-36.8
Loving Vincent,2017,78,19.55,-58.45,62,43.79,-18.21,70.0,31.67,-38.33
Deadpool 2,2018,77,14.23,-62.77,66,48.98,-17.02,71.5,31.6,-39.9
The Peanut Butter Falcon,2019,76,8.97,-67.03,70,54.23,-15.77,73.0,31.6,-41.4
Bringing Up Baby,1938,78,11.02,-66.98,91,52.16,-38.84,84.5,31.59,-52.91
Les choristes,2004,79,26.15,-52.85,56,37.02,-18.98,67.5,31.59,-35.91
Bride of Frankenstein,1935,78,10.82,-67.18,95,52.2,-42.8,86.5,31.51,-54.99
Empire of the Sun,1987,77,15.34,-61.66,62,47.61,-14.39,69.5,31.48,-38.02
Harry Potter and the Deathly Hallows: Part 1,2010,77,14.69,-62.31,65,47.8,-17.2,71.0,31.24,-39.76
Where Eagles Dare,1968,77,14.7,-62.3,63,47.77,-15.23,70.0,31.23,-38.77
Delicatessen,1991,76,9.75,-66.25,66,52.67,-13.33,71.0,31.21,-39.79
X: First Class,2011,77,14.66,-62.34,65,47.66,-17.34,71.0,31.16,-39.84
A Few Good Men,1992,77,15.07,-61.93,62,47.16,-14.84,69.5,31.11,-38.39
Sabrina,1954,77,11.17,-65.83,72,50.88,-21.12,74.5,31.03,-43.47
The Illusionist,2006,76,9.8,-66.2,68,52.21,-15.79,72.0,31.01,-40.99
Finding Neverland,2004,76,10.25,-65.75,67,51.62,-15.38,71.5,30.93,-40.57
First Blood,1982,77,15.26,-61.74,61,46.55,-14.45,69.0,30.9,-38.1
Dark City,1998,76,10.29,-65.71,66,51.5,-14.5,71.0,30.89,-40.11
The Warriors,1979,76,9.66,-66.34,65,51.89,-13.11,70.5,30.77,-39.73
Gongdong gyeongbi guyeok JSA,2000,78,20.96,-57.04,58,40.4,-17.6,68.0,30.68,-37.32
Vampire Hunter D: Bloodlust,2000,77,15.73,-61.27,62,45.55,-16.45,69.5,30.64,-38.86
Back to the Future Part II,1989,78,20.6,-57.4,57,40.49,-16.51,67.5,30.55,-36.95
End of Watch,2012,76,9.37,-66.63,68,51.61,-16.39,72.0,30.49,-41.51
Changeling,2008,77,14.94,-62.06,63,45.64,-17.36,70.0,30.29,-39.71
Just Mercy,2019,76,9.01,-66.99,68,51.58,-16.42,72.0,30.29,-41.71
"Synecdoche, New York",2008,76,9.57,-66.43,67,50.77,-16.23,71.5,30.17,-41.33
Watership Down,1978,76,9.72,-66.28,64,50.51,-13.49,70.0,30.11,-39.89
King Kong,1933,79,16.26,-62.74,90,43.9,-46.1,84.5,30.08,-54.42
The Jungle Book,1967,76,9.28,-66.72,65,50.18,-14.82,70.5,29.73,-40.77
Stardust,2007,76,9.69,-66.31,66,49.66,-16.34,71.0,29.67,-41.33
Guardians of the Galaxy Vol. 2,2017,76,8.98,-67.02,67,50.35,-16.65,71.5,29.66,-41.84
La Vie En Rose,2007,76,9.69,-66.31,66,49.55,-16.45,71.0,29.62,-41.38
American Psycho,2000,76,10.35,-65.65,64,48.54,-15.46,70.0,29.45,-40.55
The Machinist,2004,77,15.41,-61.59,61,43.37,-17.63,69.0,29.39,-39.61
My Name Is Khan,2010,80,30.62,-49.38,50,28.12,-21.88,65.0,29.37,-35.63
Home Alone,1990,76,9.98,-66.02,63,48.74,-14.26,69.5,29.36,-40.14
Kick-Ass,2010,76,9.46,-66.54,66,49.08,-16.92,71.0,29.27,-41.73
The Hobbit: An Unexpected Journey,2012,78,19.97,-58.03,58,38.51,-19.49,68.0,29.24,-38.76
Das Experiment,2001,77,15.69,-61.31,60,42.74,-17.26,68.5,29.21,-39.29
Harry Potter and the Sorcerer's Stone,2001,76,10.33,-65.67,64,47.99,-16.01,70.0,29.16,-40.84
The Sandlot,1993,78,20.18,-57.82,55,37.36,-17.64,66.5,28.77,-37.73
Bound by Honor,1993,80,30.79,-49.21,47,26.62,-20.38,63.5,28.7,-34.8
Hævnen,2010,76,9.42,-66.58,65,47.82,-17.18,70.5,28.62,-41.88
Dead Man,1995,76,10.14,-65.86,62,46.73,-15.27,69.0,28.43,-40.57
Bohemian Rhapsody,2018,80,30.05,-49.95,49,26.78,-22.22,64.5,28.41,-36.09
Duck Soup,1933,78,11.83,-66.17,93,44.85,-48.15,85.5,28.34,-57.16
Kingsman: The Secret Service,2014,77,14.53,-62.47,60,41.08,-18.92,68.5,27.8,-40.7
The Boy in the Striped Pyjamas,2008,78,20.12,-57.88,55,34.93,-20.07,66.5,27.52,-38.98
About Time,2013,78,19.96,-58.04,55,34.57,-20.43,66.5,27.27,-39.23
Lord of War,2005,76,9.98,-66.02,62,44.51,-17.49,69.0,27.24,-41.76
The Godfather: Part III,1990,76,9.86,-66.14,60,44.54,-15.46,68.0,27.2,-40.8
Lifeboat,1944,76,3.13,-72.87,78,51.25,-26.75,77.0,27.19,-49.81
Frankenstein,1931,78,14.04,-63.96,91,39.5,-51.5,84.5,26.77,-57.73
Midnight Express,1978,76,9.76,-66.24,59,43.71,-15.29,67.5,26.73,-40.77
The Notebook,2004,78,20.69,-57.31,53,32.76,-20.24,65.5,26.73,-38.77
Der Name der Rose,1986,77,15.34,-61.66,54,36.69,-17.31,65.5,26.02,-39.48
The 39 Steps,1935,76,0.0,-76.0,93,51.69,-41.31,84.5,25.84,-58.66
Die Hard: With a Vengeance,1995,76,10.1,-65.9,58,41.26,-16.74,67.0,25.68,-41.32
The Last Samurai,2003,77,15.5,-61.5,55,35.74,-19.26,66.0,25.62,-40.38
Scarface: The Shame of the Nation,1932,78,12.68,-65.32,87,38.45,-48.55,82.5,25.57,-56.93
Tombstone,1993,78,20.16,-57.84,50,30.52,-19.48,64.0,25.34,-38.66
Adams æbler,2005,78,20.63,-57.37,51,30.06,-20.94,64.5,25.34,-39.16
All Quiet on the Western Front,1930,80,17.7,-62.3,91,32.65,-58.35,85.5,25.17,-60.33
Freaks,1932,79,18.11,-60.89,80,32.1,-47.9,79.5,25.11,-54.39
Gifted,2017,76,9.02,-66.98,60,41.2,-18.8,68.0,25.11,-42.89
Taken,2008,78,20.14,-57.86,51,29.72,-21.28,64.5,24.93,-39.57
The Gentlemen,2019,78,19.56,-58.44,51,29.39,-21.61,64.5,24.48,-40.02
The Circus,1928,81,19.92,-61.08,90,28.5,-61.5,85.5,24.21,-61.29
The Fifth Element,1997,77,15.55,-61.45,52,32.81,-19.19,64.5,24.18,-40.32
Falling Down,1993,76,9.55,-66.45,56,38.73,-17.27,66.0,24.14,-41.86
The Invisible Man,1933,77,5.74,-71.26,87,42.4,-44.6,82.0,24.07,-57.93
Remember the Titans,2000,78,20.97,-57.03,48,26.96,-21.04,63.0,23.96,-39.04
Lucky Number Slevin,2006,77,15.07,-61.93,53,32.48,-20.52,65.0,23.77,-41.23
Boksuneun naui geot,2002,76,10.15,-65.85,56,37.3,-18.7,66.0,23.72,-42.28
Sherlock Holmes,2009,76,9.61,-66.39,57,37.49,-19.51,66.5,23.55,-42.95
Metropolis,1927,83,20.53,-62.47,98,26.19,-71.81,90.5,23.36,-67.14
La migliore offerta,2013,78,19.9,-58.1,49,26.74,-22.26,63.5,23.32,-40.18
Watchmen,2009,76,9.53,-66.47,56,36.15,-19.85,66.0,22.84,-43.16
Detachment,2011,77,14.69,-62.31,52,30.72,-21.28,64.5,22.7,-41.8
Predator,1987,78,20.51,-57.49,45,24.21,-20.79,61.5,22.36,-39.14
Enemy at the Gates,2001,76,10.37,-65.63,53,33.38,-19.62,64.5,21.88,-42.62
Lost Highway,1997,76,10.23,-65.77,52,32.88,-19.12,64.0,21.55,-42.45
The Boondock Saints,1999,78,20.85,-57.15,44,21.75,-22.25,61.0,21.3,-39.7
Blow,2001,76,10.43,-65.57,52,32.15,-19.85,64.0,21.29,-42.71
Dead Man's Shoes,2004,76,10.23,-65.77,52,31.73,-20.27,64.0,20.98,-43.02
The Blind Side,2009,76,9.58,-66.42,53,32.22,-20.78,64.5,20.9,-43.6
Primal Fear,1996,77,15.51,-61.49,47,26.28,-20.72,62.0,20.89,-41.11
300,2006,76,9.9,-66.1,52,31.22,-20.78,64.0,20.56,-43.44
Man on Fire,2004,77,15.54,-61.46,47,25.04,-21.96,62.0,20.29,-41.71
Kelly's Heroes,1970,76,9.31,-66.69,50,30.3,-19.7,63.0,19.8,-43.2
Sleepers,1996,76,10.15,-65.85,49,28.97,-20.03,62.5,19.56,-42.94
Tropa de Elite,2007,80,30.85,-49.15,33,6.18,-26.82,56.5,18.52,-37.98
Flipped,2010,77,14.74,-62.26,45,21.67,-23.33,61.0,18.21,-42.79
Saw,2004,76,10.17,-65.83,46,23.66,-22.34,61.0,16.91,-44.09
Jeux d'enfants,2003,76,10.19,-65.81,45,22.55,-22.45,60.5,16.37,-44.13
Kai po che!,2013,77,14.64,-62.36,40,15.0,-25.0,58.5,14.82,-43.68
Fear and Loathing in Las Vegas,1998,76,10.25,-65.75,41,17.84,-23.16,58.5,14.04,-44.46
Seven Pounds,2008,76,9.59,-66.41,36,10.05,-25.95,56.0,9.82,-46.18
I Am Sam,2001,77,15.57,-61.43,28,0.0,-28.0,52.5,7.79,-44.71
Bronenosets Potemkin,1925,80,2.2,-77.8,97,13.21,-83.79,88.5,7.71,-80.79
The Butterfly Effect,2004,76,10.13,-65.87,30,2.4,-27.6,53.0,6.27,-46.73
